age;employ;address;income;debtinc;creddebt;othdebt;default
28;7;2;44;17.7;2.990592;4.797408;0
64;34;17;116;14.7;5.047392;12.004608;0
40;20;12;61;4.8;1.042368;1.885632;0
30;11;3;27;34.5;1.75122;7.56378;0
25;2;2;30;22.4;0.75936;5.96064;1
35;2;9;38;10.9;1.462126;2.679874;1
26;2;4;38;11.9;0.954142;3.567858;1
25;4;2;30;14.4;1.04544;3.27456;0
65;29;14;189;5;3.3642;6.0858;0
21;0;0;23;3.9;0.305877;0.591123;0
62;33;13;96;17.5;6.6864;10.1136;0
30;4;3;39;10.6;2.389452;1.744548;1
38;7;7;124;19.1;9.520968;14.163032;0
18;0;0;35;3.9;0.17472;1.19028;0
53;9;13;41;13.3;2.333884;3.119116;0
18;0;0;15;7.4;0.82806;0.28194;1
18;0;0;56;15.7;1.837528;6.954472;1
19;2;0;31;0.3;0.024552;0.068448;1
19;0;0;26;5.8;0.586612;0.921388;1
56;27;21;125;8.5;2.900625;7.724375;0
21;1;1;40;7.6;1.52;1.52;1
25;8;3;37;8.3;0.948939;2.122061;0
47;8;10;43;6.1;0.359351;2.263649;0
40;17;11;103;13.3;10.41124;3.28776;1
41;16;11;56;3.4;0.896784;1.007216;0
23;0;2;118;6.4;0.294528;7.257472;0
45;1;4;58;15.4;2.36698;6.56502;1
37;15;10;65;5;1.30325;1.94675;0
47;23;14;46;11.7;0.839592;4.542408;0
23;0;2;42;6.7;1.584282;1.229718;0
18;0;0;19;5.2;0.31616;0.67184;1
19;0;0;21;2;0.27636;0.14364;1
41;3;12;23;10.6;0.14628;2.29172;1
42;3;12;76;5.2;0.723216;3.228784;1
29;2;3;45;3;0.6696;0.6804;0
24;0;2;41;8.4;0.788676;2.655324;0
45;9;11;48;10.2;3.52512;1.37088;0
39;8;9;259;7.2;1.547784;17.100216;0
40;15;6;46;10.6;0.819168;4.056832;0
21;0;0;17;17.6;1.373328;1.618672;1
55;34;16;150;9.9;0.72765;14.12235;0
29;6;4;35;3.3;0.19866;0.95634;1
22;0;0;24;5.2;0.2808;0.9672;1
58;24;18;70;6.8;2.29908;2.46092;0
53;14;19;67;6.1;1.06262;3.02438;0
31;5;7;25;6.8;0.4301;1.2699;0
26;4;2;23;6.9;0.165048;1.421952;0
23;0;0;28;19.2;1.72032;3.65568;1
25;1;3;19;28.6;2.33662;3.09738;1
52;23;10;153;4.5;2.12058;4.76442;0
25;0;1;35;9.7;0.132405;3.262595;1
22;0;1;31;22.8;1.314648;5.753352;1
38;8;8;35;26.4;3.77916;5.46084;0
42;16;11;49;9.7;0.556101;4.196899;0
52;5;18;36;9.8;1.400616;2.127384;0
30;2;3;18;3;0.07236;0.46764;1
59;20;16;144;3.4;2.492064;2.403936;0
34;5;5;44;5.6;0.744128;1.719872;0
33;11;6;52;9.1;0.9464;3.7856;1
26;2;3;21;8.2;0.54243;1.17957;0
25;2;1;26;11.9;1.2376;1.8564;1
19;0;0;43;21.2;3.427616;5.688384;1
41;7;12;47;5.2;1.635036;0.808964;0
36;2;9;27;9.3;0.735723;1.775277;1
20;0;0;21;10.2;0.552636;1.589364;0
35;6;5;26;2.5;0.44655;0.20345;0
33;3;4;34;1.2;0.226848;0.181152;0
38;0;12;37;2;0.09546;0.64454;0
40;6;6;36;6.6;1.577664;0.798336;1
39;7;6;82;17.4;3.70968;10.55832;0
18;0;0;12;8.2;0.150552;0.833448;1
66;40;17;149;13.1;7.788081;11.730919;0
43;6;6;40;6.6;0.5016;2.1384;0
39;14;8;46;6.5;0.49933;2.49067;0
27;5;4;27;10.5;0.99225;1.84275;0
47;17;13;111;8.8;5.733816;4.034184;0
25;9;3;25;23.5;0.34075;5.53425;1
57;7;14;43;20.8;2.495376;6.448624;1
69;6;24;60;18.6;1.27224;9.88776;0
20;0;0;22;4.2;0.536844;0.387156;1
42;15;7;60;6.1;2.013;1.647;0
33;12;5;70;5.7;0.82593;3.16407;0
41;10;7;29;4.2;0.473802;0.744198;0
35;0;7;36;4.7;0.546516;1.145484;0
46;20;16;122;6.7;2.893596;5.280404;0
24;0;1;27;4.2;0.44226;0.69174;0
34;7;8;43;30.3;3.921729;9.107271;1
36;7;4;41;18.9;3.17709;4.57191;0
19;0;0;18;15.1;0.793656;1.924344;1
29;1;4;51;1.3;0.281775;0.381225;0
44;7;9;59;8.4;1.769292;3.186708;0
19;0;0;28;11.7;0.822276;2.453724;0
39;2;9;29;3.7;0.476412;0.596588;0
30;5;5;222;2.9;1.970028;4.467972;0
72;44;13;187;9.2;4.713896;12.490104;0
18;0;0;30;7;0.8085;1.2915;1
28;7;5;30;8.5;0.459;2.091;0
24;5;2;27;10;1.2933;1.4067;0
33;8;4;45;12.1;0.1089;5.3361;0
34;11;4;132;4.7;1.513776;4.690224;0
46;7;16;41;2.5;0.351575;0.673425;0
36;16;4;96;12.2;5.422656;6.289344;0
45;13;7;65;28.6;10.72643;7.86357;1
59;34;26;154;8.5;8.32524;4.76476;0
35;9;1;80;12.9;4.2828;6.0372;1
62;31;22;387;15;5.39865;52.65135;0
29;1;4;38;4.5;0.82422;0.88578;1
56;30;14;167;1.4;0.458248;1.879752;0
24;4;1;39;21.5;3.966105;4.418895;1
32;1;6;45;13.9;1.51371;4.74129;1
25;6;2;29;5.9;0.636492;1.074508;0
37;9;6;33;1.2;0.112068;0.283932;0
27;1;2;28;23.5;0.81592;5.76408;0
56;37;10;160;11.4;6.76704;11.47296;0
31;11;6;61;34.4;9.484768;11.499232;1
59;31;15;86;6.8;1.614048;4.233952;0
65;26;16;186;4.2;2.984184;4.827816;0
26;0;3;29;16.9;3.092531;1.808469;1
27;3;4;68;24.9;5.231988;11.700012;1
30;6;3;22;15.5;0.13299;3.27701;1
43;22;13;96;1.2;0.340992;0.811008;0
30;4;5;64;14.1;2.833536;6.190464;0
18;0;0;19;14;0.56392;2.09608;1
24;1;1;33;14;0.06468;4.55532;0
31;0;6;28;4.5;0.06552;1.19448;0
25;4;3;31;3.1;0.373829;0.587171;0
24;0;2;48;1.2;0.061632;0.514368;1
26;2;3;37;3.1;0.348688;0.798312;0
33;13;5;54;16.2;2.878092;5.869908;1
44;18;9;136;4.2;1.416576;4.295424;0
18;0;0;16;6;0.4032;0.5568;0
29;1;2;34;15.5;0.38998;4.88002;1
21;0;1;27;16.5;1.1583;3.2967;0
41;22;13;54;4.1;0.81918;1.39482;0
40;11;8;238;7.9;6.336274;12.465726;0
37;5;10;21;14.5;0.71253;2.33247;0
24;6;3;36;13.2;1.919808;2.832192;0
24;0;4;18;2.9;0.184266;0.337734;0
18;0;0;25;2.9;0.561875;0.163125;0
30;5;6;95;7;3.458;3.192;0
36;4;8;45;13.2;0.33264;5.60736;0
34;14;9;39;11.4;2.71206;1.73394;0
63;8;25;92;5.6;0.886144;4.265856;0
56;16;19;232;2.8;2.104704;4.391296;0
41;9;8;68;28.3;4.52234;14.72166;1
23;0;1;53;3;0.62646;0.96354;1
25;0;3;32;14.6;1.452992;3.219008;1
22;1;1;22;3.2;0.1584;0.5456;0
58;19;9;114;6.4;0.277248;7.018752;0
31;7;5;53;2.7;0.72981;0.70119;0
47;6;10;40;8.7;1.30848;2.17152;1
55;13;11;63;17.5;2.5578;8.4672;0
39;9;5;60;9.2;2.07552;3.44448;0
27;0;4;30;4.3;0.41925;0.87075;0
30;7;4;60;21.6;5.5728;7.3872;1
35;6;5;32;7.6;0.819584;1.612416;0
30;4;7;30;9.2;0.88872;1.87128;0
19;0;0;23;8.8;1.107128;0.916872;0
38;14;4;98;16.5;1.34211;14.82789;0
20;1;0;19;8;0.78432;0.73568;0
43;14;8;61;10.8;2.17404;4.41396;0
25;2;3;25;9.9;1.3959;1.0791;0
41;11;5;36;10.2;1.365984;2.306016;1
37;3;4;36;6.7;0.680184;1.731816;0
22;0;2;17;3.7;0.135235;0.493765;1
23;0;3;27;17.6;2.128896;2.623104;1
45;1;8;60;9.9;1.14048;4.79952;1
19;1;0;20;8.8;0.54736;1.21264;0
26;6;3;23;13.6;0.128248;2.999752;0
25;0;2;21;22.3;1.676514;3.006486;1
49;1;8;51;11.2;1.862112;3.849888;0
76;15;20;26;5.6;0.136864;1.319136;0
28;1;3;16;5.2;0.501696;0.330304;0
37;18;8;36;4.8;0.44064;1.28736;0
41;9;8;29;5.6;0.248472;1.375528;0
30;8;4;68;2.4;0.267648;1.364352;0
39;4;9;78;14;7.2072;3.7128;1
25;2;2;19;3.4;0.187986;0.458014;0
26;0;4;19;7.7;0.67298;0.79002;0
24;8;2;28;6.6;0.262416;1.585584;0
61;0;10;42;18.4;4.010832;3.717168;0
26;6;2;38;10.6;2.569864;1.458136;0
18;0;0;44;9.2;1.250832;2.797168;0
41;21;8;189;6.3;6.215454;5.691546;0
49;9;16;64;6.1;0.33184;3.57216;0
18;0;0;20;3.9;0.3705;0.4095;0
18;0;0;24;6.5;0.30108;1.25892;0
52;2;12;96;7.1;2.276544;4.539456;1
32;2;6;30;9.4;1.1844;1.6356;0
27;6;5;42;9.1;2.186184;1.635816;1
23;0;2;57;17.8;2.729274;7.416726;1
29;3;3;46;8.1;0.290628;3.435372;0
73;53;25;410;4.1;3.10985;13.70015;0
31;3;5;22;4.6;0.226688;0.785312;0
19;0;0;28;9.1;0.86632;1.68168;1
57;4;9;39;4.3;0.558441;1.118559;0
18;0;0;19;1.5;0.061845;0.223155;0
22;1;1;19;8.9;0.488699;1.202301;0
21;0;1;30;4.3;0.17544;1.11456;0
33;4;4;60;9.5;1.6074;4.0926;0
21;0;1;41;23.4;1.96677;7.62723;1
42;18;15;63;11.3;2.541483;4.577517;0
32;10;5;38;11.5;1.0488;3.3212;0
33;5;4;105;13.4;7.04907;7.02093;1
73;50;34;289;8.4;7.841148;16.434852;0
61;23;20;81;8.9;1.701324;5.507676;0
38;2;8;229;6.7;3.943151;11.399849;0
46;13;11;45;22.2;3.32667;6.66333;1
20;0;0;20;7.2;0.34272;1.09728;1
19;0;0;24;15.6;0.7488;2.9952;1
28;0;4;47;18.6;6.705114;2.036886;1
24;0;2;21;6.6;0.57519;0.81081;1
53;1;12;30;8.8;0.4092;2.2308;0
35;14;7;62;8.2;0.604996;4.479004;0
43;7;11;53;3.7;0.853035;1.107965;0
32;9;6;33;8.1;1.154736;1.518264;0
27;9;1;28;5.7;0.110124;1.485876;0
18;0;0;22;1.5;0.13332;0.19668;0
19;0;0;31;28.7;5.364891;3.532109;1
18;0;0;36;6.2;1.051272;1.180728;1
54;20;15;82;20;4.346;12.054;0
43;0;4;31;2.4;0.284952;0.459048;0
50;15;14;65;12.6;3.04668;5.14332;0
26;10;3;31;8.8;0.780208;1.947792;0
35;4;2;57;6;1.28934;2.13066;0
47;6;12;34;4.4;0.526592;0.969408;0
31;2;5;19;15.9;0.93651;2.08449;0
40;7;11;53;12.4;1.4787;5.0933;0
56;14;25;206;27.9;15.288084;42.185916;1
34;3;8;72;7.6;0.38304;5.08896;0
18;0;0;18;12.7;0.646938;1.639062;1
46;24;10;78;6.9;2.74482;2.63718;0
31;2;6;45;3.1;0.431055;0.963945;0
25;1;1;16;2.1;0.145488;0.190512;0
79;63;18;497;8.2;15.07898;25.67502;0
43;21;14;125;11.5;6.325;8.05;0
26;9;3;41;22.1;0.616148;8.444852;0
26;1;4;36;12.5;1.593;2.907;0
18;0;0;28;17;1.75168;3.00832;1
30;0;4;25;7.4;0.2627;1.5873;0
47;3;8;69;5.2;0.897;2.691;0
18;0;0;35;12.4;1.1284;3.2116;0
30;13;3;38;4.6;0.335616;1.412384;0
21;0;1;25;6.7;1.291425;0.383575;1
33;4;9;119;15.3;6.572727;11.634273;1
36;3;6;28;4.9;0.256564;1.115436;0
26;7;3;49;17.7;5.37726;3.29574;1
20;0;0;21;1.3;0.180999;0.092001;1
56;19;8;76;1.2;0.1824;0.7296;0
42;7;12;130;11.6;3.33268;11.74732;1
23;0;3;47;8.9;0.623267;3.559733;0
32;3;8;86;7.9;2.201256;4.592744;0
20;0;0;30;10.6;2.53446;0.64554;1
19;0;0;21;12;0.34524;2.17476;0
26;1;0;26;11.1;1.694082;1.191918;1
19;0;0;20;0.1;0.00894;0.01106;1
59;31;21;102;0.3;0.104958;0.201042;0
21;0;1;13;8.3;0.45318;0.62582;1
39;14;6;152;27.4;13.410656;28.237344;1
18;0;0;12;3.3;0.110088;0.285912;1
20;0;0;38;7.5;0.3648;2.4852;0
33;1;6;23;4.2;0.194166;0.771834;1
19;1;0;16;3.4;0.306816;0.237184;1
29;5;5;52;16.8;5.63472;3.10128;0
70;48;25;165;14.8;0.56166;23.85834;0
44;22;8;93;9;4.37751;3.99249;0
40;20;10;117;11.9;4.942665;8.980335;0
21;1;1;23;7.4;0.258704;1.443296;1
43;8;11;48;9.7;1.317648;3.338352;0
27;3;4;28;4.2;0.537432;0.638568;0
21;0;1;21;10.4;1.537536;0.646464;0
29;3;5;45;14.1;1.681425;4.663575;1
41;2;10;40;7.9;0.30968;2.85032;0
28;5;3;30;7;0.462;1.638;0
48;5;10;43;6.9;2.263821;0.703179;1
25;0;3;66;2.8;0.903672;0.944328;0
41;3;7;62;7;2.8861;1.4539;1
22;1;2;24;16.1;0.795984;3.068016;0
47;8;11;43;11.8;2.273152;2.800848;0
18;0;0;24;5.3;0.594024;0.677976;0
28;0;4;50;8.6;0.2795;4.0205;0
41;5;8;37;5.8;0.345506;1.800494;0
31;2;7;42;10.3;0.856548;3.469452;1
19;0;0;21;14.3;1.219218;1.783782;0
31;1;7;28;2;0.17416;0.38584;0
18;0;0;21;21.8;1.44207;3.13593;1
39;5;5;39;4.2;0.719082;0.918918;0
20;0;0;17;7.3;0.572101;0.668899;1
31;8;4;29;6.8;1.118124;0.853876;0
23;3;1;41;5.5;0.674245;1.580755;0
25;3;3;58;20.6;3.500764;8.447236;0
29;3;1;47;2.9;0.53157;0.83143;0
38;15;4;136;20.2;6.758112;20.713888;1
39;8;9;41;0.1;0.026896;0.014104;0
28;4;4;20;15.5;0.3038;2.7962;1
40;10;12;38;6.1;0.917928;1.400072;0
46;2;13;56;2.3;0.413448;0.874552;0
61;45;22;209;10.9;4.123361;18.657639;0
49;18;13;182;4.8;0.943488;7.792512;0
71;35;19;131;11.6;6.032812;9.163188;0
20;2;0;20;2.7;0.20088;0.33912;1
20;0;0;20;11.3;1.96168;0.29832;1
18;0;0;29;5.6;0.898072;0.725928;0
32;3;6;59;9;1.85319;3.45681;0
42;2;13;22;13.6;1.463088;1.528912;1
43;9;9;57;4.5;1.808325;0.756675;0
27;7;5;43;10;1.1997;3.1003;0
23;3;2;66;2.7;0.79299;0.98901;0
21;1;0;33;13.1;1.314192;3.008808;1
49;24;11;90;13.9;8.05644;4.45356;0
49;28;11;93;12.8;1.559424;10.344576;0
19;0;0;28;9.7;1.347136;1.368864;1
24;0;2;21;11;0.71841;1.59159;1
23;0;1;30;12.8;2.29632;1.54368;1
43;13;9;82;9.9;1.777842;6.340158;0
28;8;3;22;5.4;0.165132;1.022868;0
26;2;3;36;14.4;1.89216;3.29184;1
40;7;11;33;12.4;0.646536;3.445464;0
47;22;17;108;8.9;1.374516;8.237484;0
19;0;0;22;16.8;1.637328;2.058672;1
71;18;27;57;11.5;2.58267;3.97233;0
72;26;24;146;12.6;2.11554;16.28046;0
45;1;10;43;2.8;0.384076;0.819924;0
20;0;0;29;17;1.93256;2.99744;1
42;7;8;47;7.8;1.019148;2.646852;0
33;1;3;40;13.3;0.87248;4.44752;0
42;19;8;63;20.4;5.307876;7.544124;0
20;0;0;28;10.4;0.93184;1.98016;1
20;0;1;19;4.5;0.34542;0.50958;0
20;0;0;20;13.5;0.5913;2.1087;0
34;11;5;68;11.9;3.366272;4.725728;0
39;12;11;47;9.5;1.031415;3.433585;0
42;2;10;38;3.6;0.387144;0.980856;1
61;7;22;35;10.4;0.69524;2.94476;0
30;2;6;61;2.9;0.640378;1.128622;1
39;12;9;82;6.2;1.789568;3.294432;0
26;5;2;25;10.8;1.1286;1.5714;0
62;12;10;108;7.3;1.3797;6.5043;0
48;17;8;81;30;11.6397;12.6603;1
39;17;9;165;3.3;2.553705;2.891295;0
51;33;13;234;9.6;4.245696;18.218304;0
31;4;6;43;6.9;0.658674;2.308326;0
45;19;7;286;5;4.5331;9.7669;0
44;0;9;167;10.6;7.78888;9.91312;1
28;9;3;36;3.2;0.089856;1.062144;0
36;8;4;41;11.1;1.570095;2.980905;1
38;4;5;66;10.7;2.40108;4.66092;1
61;22;6;108;22.2;6.041952;17.934048;0
66;6;20;61;7.7;1.202432;3.494568;1
24;5;3;31;10.4;0.699608;2.524392;0
45;12;10;44;9.8;1.59544;2.71656;0
47;8;13;33;15.4;1.712634;3.369366;0
19;0;0;25;3.9;0.68055;0.29445;1
28;2;5;26;23.6;0.73632;5.39968;1
40;3;10;35;10;1.085;2.415;1
25;1;1;27;14.2;0.456246;3.377754;0
64;26;26;56;20.3;2.012136;9.355864;0
40;15;4;78;15.5;3.51819;8.57181;0
37;1;10;90;1.8;0.25434;1.36566;0
56;35;14;236;3.9;6.682104;2.521896;0
33;8;4;102;28.8;7.93152;21.44448;1
66;30;22;104;6.7;2.285504;4.682496;0
18;0;0;28;9.9;1.047816;1.724184;0
52;28;23;108;3.9;2.2113;2.0007;0
46;2;10;38;8.2;0.495444;2.620556;1
51;3;14;19;4.9;0.340746;0.590254;0
34;6;4;45;9.1;1.3104;2.7846;0
19;0;0;18;6.3;0.259686;0.874314;0
52;33;12;80;9;1.0584;6.1416;0
24;2;2;29;23.6;0.465392;6.378608;0
35;5;4;47;16.1;3.17814;4.38886;1
29;1;4;50;15.1;2.6727;4.8773;1
47;10;10;48;7;1.97568;1.38432;0
26;4;4;50;0.8;0.1324;0.2676;0
27;2;3;34;11.4;2.158932;1.717068;0
19;0;0;36;6.7;0.890028;1.521972;0
51;28;20;134;4.1;1.752586;3.741414;0
46;13;12;94;15.7;8.308754;6.449246;1
23;1;1;30;13.6;2.04;2.04;1
19;0;0;20;5.6;0.15568;0.96432;1
23;3;1;27;17.8;0.927558;3.878442;1
30;1;6;16;8.5;1.07848;0.28152;1
21;0;0;35;6.8;0.90916;1.47084;1
20;0;0;35;5.8;0.76125;1.26875;0
23;0;2;36;1.1;0.10494;0.29106;0
46;2;14;27;12.1;0.545589;2.721411;0
43;20;8;180;7.3;4.2048;8.9352;0
27;5;3;28;5.2;0.496496;0.959504;0
45;3;13;38;22.1;2.594982;5.803018;1
22;1;2;27;9.8;0.246078;2.399922;0
41;13;7;50;14.2;3.7204;3.3796;1
52;8;6;43;17.5;3.438925;4.086075;0
53;34;18;251;15.9;12.37179;27.53721;0
20;0;0;45;7.7;1.14345;2.32155;1
30;2;8;99;1.5;0.79596;0.68904;0
68;0;17;22;12.5;1.0505;1.6995;0
31;0;7;41;3.8;1.11397;0.44403;0
54;2;21;32;6.7;0.173664;1.970336;0
26;2;3;38;7.6;1.394904;1.493096;1
32;12;6;61;8.2;0.295118;4.706882;0
27;4;2;34;15.1;0.836842;4.297158;0
60;22;10;60;22.3;3.25134;10.12866;0
47;13;19;58;3.5;0.61915;1.41085;0
47;6;11;75;15.2;2.9298;8.4702;0
69;7;20;75;13.5;1.03275;9.09225;1
45;7;8;32;5.4;0.1296;1.5984;0
29;2;5;31;6.8;1.41236;0.69564;0
29;4;5;67;7.9;0.931568;4.361432;0
27;5;2;33;5.1;0.578952;1.104048;0
44;9;3;37;18.4;2.920632;3.887368;0
21;0;1;55;17.1;6.90327;2.50173;1
26;4;4;28;15;2.3814;1.8186;0
56;26;13;384;11.2;23.310336;19.697664;1
38;4;8;91;3.9;1.015014;2.533986;1
42;17;8;54;10.3;0.294786;5.267214;0
43;13;11;59;11;1.71985;4.77015;1
37;17;6;123;10.6;3.885324;9.152676;0
64;15;22;227;29.9;35.97269;31.90031;1
39;0;10;38;7.5;0.1995;2.6505;0
21;1;0;20;20.3;0.41412;3.64588;0
30;5;3;62;2.6;0.70122;0.91078;0
52;9;12;72;15.4;4.080384;7.007616;0
40;5;9;62;8;1.49296;3.46704;1
23;3;2;25;2.5;0.174375;0.450625;0
40;2;7;32;3.4;0.175168;0.912832;0
19;0;0;37;3;0.21312;0.89688;0
22;0;0;36;3.3;0.277992;0.910008;0
50;20;11;67;18.4;7.236536;5.091464;1
36;7;12;67;8.2;3.098616;2.395384;0
47;14;16;36;0.9;0.083916;0.240084;0
19;0;0;50;1.8;0.4851;0.4149;0
32;10;7;70;3.2;0.85344;1.38656;1
20;0;0;32;8.5;1.11248;1.60752;0
20;0;0;26;4;0.39104;0.64896;1
22;0;2;31;7.6;0.197904;2.158096;0
23;0;2;45;10.7;0.611505;4.203495;1
62;4;5;38;11.3;0.94468;3.34932;0
29;9;3;69;6.7;1.072536;3.550464;0
34;6;6;33;6.4;0.525888;1.586112;0
18;0;0;25;6.2;0.61845;0.93155;1
23;2;2;47;14.6;2.936936;3.925064;1
35;5;8;62;8.5;1.98679;3.28321;1
30;5;3;27;6.2;0.860436;0.813564;0
36;7;10;118;11.2;8.484672;4.731328;1
18;0;0;28;2.4;0.22176;0.45024;1
26;2;4;30;40.7;5.4945;6.7155;1
18;0;0;33;8.2;0.836154;1.869846;1
31;11;8;47;26.9;3.514754;9.128246;0
33;3;2;46;3.8;0.407284;1.340716;0
20;2;0;20;18.8;1.19192;2.56808;1
22;0;1;36;10.7;1.667916;2.184084;1
22;3;1;45;11.1;1.84815;3.14685;0
22;4;1;24;4.4;0.531168;0.524832;0
26;0;2;103;14.3;8.54282;6.18618;1
34;10;7;96;5.4;1.653696;3.530304;0
30;13;2;42;15.3;0.944622;5.481378;0
40;15;5;53;23.5;1.905615;10.549385;1
21;1;0;43;14.1;3.377091;2.685909;1
20;0;0;28;18;3.06936;1.97064;1
18;0;0;20;14.5;0.3335;2.5665;0
53;24;8;129;2.7;1.006587;2.476413;0
70;27;21;92;9.3;3.011712;5.544288;0
26;0;3;49;4.4;0.94864;1.20736;0
43;16;7;119;18.1;8.163281;13.375719;1
38;3;3;34;3.9;0.863226;0.462774;0
31;3;6;45;0.7;0.12663;0.18837;0
24;0;1;35;1.2;0.04242;0.37758;1
44;21;14;314;4.7;3.497646;11.260354;0
62;31;14;699;5.9;6.59856;34.64244;0
52;24;10;403;5.1;8.323965;12.229035;0
33;3;2;40;1.2;0.25536;0.22464;0
26;1;3;39;2;0.32604;0.45396;0
34;4;8;46;5.5;0.70334;1.82666;0
54;0;14;66;9.6;1.983168;4.352832;0
61;0;24;25;33;3.42375;4.82625;1
44;2;13;91;4.8;1.022112;3.345888;1
22;0;2;16;9.8;0.312032;1.255968;1
19;3;0;21;7.1;0.484575;1.006425;0
20;0;0;26;8.9;0.504452;1.809548;0
35;10;7;44;0.5;0.10846;0.11154;0
24;0;2;28;4;0.70448;0.41552;0
30;1;6;33;7.4;0.632478;1.809522;0
21;1;1;29;24;2.19936;4.76064;0
45;0;14;81;4.1;1.507734;1.813266;0
38;9;11;66;1.2;0.589248;0.202752;0
21;1;1;37;8.5;0.896325;2.248675;0
45;7;13;42;36.8;10.185504;5.270496;1
40;22;8;141;11;5.05626;10.45374;0
22;0;1;74;7.5;1.85925;3.69075;1
56;34;21;475;2.3;3.878375;7.046625;0
37;9;11;41;2.9;0.110577;1.078423;0
29;3;2;42;9.3;1.765512;2.140488;0
37;10;6;97;8.3;2.01275;6.03825;0
20;3;0;21;17.9;0.52626;3.23274;1
30;6;4;20;9.7;0.51216;1.42784;1
26;0;3;36;17.9;3.015792;3.428208;1
18;0;0;47;3.6;1.213164;0.478836;0
31;5;7;27;4.2;0.559062;0.574938;0
44;8;8;49;16.3;2.459996;5.527004;1
19;0;0;24;12.5;0.936;2.064;1
77;2;24;28;10.6;1.371216;1.596784;0
37;0;9;83;14.9;5.899059;6.467941;1
35;9;6;123;6.1;1.703181;5.799819;0
24;0;0;64;13;3.97696;4.34304;1
31;1;4;43;7.9;2.493398;0.903602;0
59;19;21;174;27.9;16.408548;32.137452;1
18;0;0;27;4.1;0.169371;0.937629;1
29;8;5;35;21.1;1.65424;5.73076;1
38;6;7;25;31.3;2.214475;5.610525;1
27;3;5;26;2;0.0416;0.4784;1
49;15;11;35;3;0.735;0.315;0
24;1;2;23;14.8;0.796536;2.607464;1
27;3;5;36;16.2;1.388016;4.443984;1
26;2;4;26;14.5;0.55796;3.21204;0
32;0;6;37;3.1;0.592999;0.554001;1
53;16;13;51;4.1;0.949314;1.141686;0
19;0;0;17;14.1;1.035504;1.361496;1
18;0;0;19;6.4;0.3952;0.8208;1
19;1;0;21;7.9;1.104894;0.554106;1
51;25;16;96;21.5;7.30656;13.33344;0
30;3;2;40;16.9;2.21728;4.54272;1
63;22;21;61;13.5;1.82817;6.40683;0
30;1;4;73;29.8;7.048296;14.705704;1
27;3;3;43;4.5;0.57663;1.35837;0
42;15;9;46;13.1;1.060576;4.965424;0
24;0;3;44;13.5;2.38194;3.55806;1
20;0;0;23;23.6;3.539056;1.888944;1
28;4;5;20;6.2;0.57288;0.66712;0
25;3;2;23;5;0.27945;0.87055;0
24;0;3;49;5;0.8722;1.5778;1
36;9;7;76;5.7;0.294576;4.037424;0
44;11;12;50;22;2.112;8.888;0
23;0;1;45;15.8;1.12338;5.98662;0
32;1;4;26;3.3;0.236808;0.621192;0
32;9;7;53;14.9;5.812192;2.084808;1
35;7;6;76;7;0.5586;4.7614;0
30;3;6;34;14.3;2.255968;2.606032;1
30;4;3;36;9.6;0.82944;2.62656;1
31;6;5;26;6.5;0.32617;1.36383;0
23;0;2;16;17.2;0.90816;1.84384;1
46;11;8;61;10.4;3.444792;2.899208;0
59;33;17;308;6.7;7.387688;13.248312;0
39;1;10;185;7;10.45065;2.49935;1
29;3;3;55;27.1;8.3468;6.5582;1
26;2;4;19;3.8;0.106134;0.615866;0
34;6;7;27;6.4;0.269568;1.458432;0
30;12;5;35;5.7;1.33665;0.65835;0
23;0;2;29;9.4;0.839608;1.886392;1
22;0;1;76;7.7;3.616536;2.235464;0
27;0;4;46;1.9;0.232484;0.641516;1
30;0;5;70;6.9;0.37191;4.45809;1
23;0;1;22;9;0.7128;1.2672;0
42;12;13;34;6.1;0.557906;1.516094;0
29;2;3;55;15.6;1.48434;7.09566;1
47;16;8;66;1.7;0.097614;1.024386;0
34;8;7;30;5.7;1.08243;0.62757;0
31;11;7;51;12.4;4.135896;2.188104;1
35;10;4;53;19;3.63527;6.43473;0
19;2;0;21;12;0.15372;2.36628;0
30;7;7;40;11.4;1.7784;2.7816;1
25;0;2;35;0.6;0.07119;0.13881;0
38;11;8;40;8.8;1.6544;1.8656;0
18;0;0;34;2.8;0.292264;0.659736;0
53;10;14;62;13.4;2.376088;5.931912;1
31;10;5;60;27.3;6.27354;10.10646;1
38;7;7;274;2.3;4.31687;1.98513;1
19;0;0;21;2.5;0.03255;0.49245;0
20;2;0;18;2.3;0.05589;0.35811;0
21;2;1;22;9.2;1.048432;0.975568;1
19;0;0;17;5.5;0.50864;0.42636;0
23;0;1;42;12.2;2.239188;2.884812;0
65;25;20;48;7.7;2.812656;0.883344;0
45;18;12;88;9.6;4.038144;4.409856;0
21;0;1;22;1.5;0.09702;0.23298;0
54;8;10;67;10.5;1.245195;5.789805;0
22;0;2;24;8;0.63936;1.28064;1
20;0;0;23;14.2;1.86162;1.40438;1
41;12;9;58;13.1;3.783804;3.814196;0
36;14;3;71;6.9;1.425609;3.473391;0
33;11;8;79;10.8;3.080052;5.451948;0
23;2;2;34;3.3;0.21879;0.90321;0
46;8;6;119;5.6;1.112888;5.551112;1
21;0;0;15;6.1;0.07137;0.84363;1
28;2;4;62;34.8;3.862104;17.713896;1
39;9;8;69;6;0.55476;3.58524;0
54;4;9;69;12;1.17576;7.10424;0
75;22;23;56;7.8;1.786512;2.581488;0
31;1;7;69;0.4;0.189336;0.086664;0
55;32;8;229;4.9;3.02967;8.19133;0
20;0;0;18;17.4;0.42282;2.70918;0
39;3;9;42;15.2;3.077088;3.306912;0
37;2;8;55;8;1.6412;2.7588;0
20;0;0;41;4.3;0.470721;1.292279;0
57;10;10;149;10;3.6356;11.2644;0
50;20;15;117;7.6;3.147768;5.744232;0
33;2;7;28;1.6;0.13888;0.30912;0
36;16;10;44;7.4;1.960112;1.295888;0
21;1;0;29;5.7;0.639711;1.013289;0
37;12;11;121;13.6;4.68996;11.76604;0
27;0;4;24;6.1;0.165432;1.298568;1
28;5;5;112;9.9;0.931392;10.156608;0
27;4;5;40;13.2;3.72768;1.55232;0
32;4;3;37;4.1;0.477855;1.039145;1
28;6;5;33;20.5;1.09593;5.66907;1
24;0;2;35;12.1;2.469005;1.765995;1
20;0;0;44;3.9;1.065636;0.650364;0
39;16;4;47;16.5;4.15668;3.59832;0
38;11;8;145;18.5;1.44855;25.37645;0
65;38;11;352;2.5;0.3872;8.4128;0
56;34;19;215;13.9;14.374685;15.510315;0
18;0;0;57;3.1;1.238667;0.528333;1
20;0;1;18;9.5;0.15903;1.55097;0
62;4;13;27;13.2;1.72854;1.83546;0
39;13;8;112;21.2;4.63008;19.11392;1
29;3;2;102;9.8;4.828068;5.167932;1
30;4;6;46;3.9;1.2558;0.5382;0
52;21;14;121;2.4;0.389136;2.514864;0
48;19;11;326;10.6;21.182828;13.373172;1
20;2;0;42;3.1;0.893172;0.408828;1
34;7;3;33;7.5;1.87605;0.59895;1
68;51;26;274;7;8.59264;10.58736;0
47;16;15;51;14.2;3.396498;3.845502;0
37;12;8;29;9.3;0.876525;1.820475;0
36;9;10;35;0.8;0.08652;0.19348;0
30;1;6;107;8.9;1.437973;8.085027;1
24;0;2;21;13.7;1.378083;1.498917;0
24;0;2;49;13.6;3.038784;3.625216;1
31;0;6;34;4.2;0.714;0.714;1
41;15;13;89;9.2;2.554656;5.633344;0
19;0;0;25;24.7;1.228825;4.946175;1
20;0;1;23;1;0.02369;0.20631;0
30;8;5;65;9.2;2.44582;3.53418;0
42;5;12;72;19.3;0.250128;13.645872;0
27;5;5;34;1;0.06018;0.27982;0
24;0;2;38;1.6;0.034048;0.573952;0
38;16;6;71;6.6;1.537008;3.148992;0
24;7;2;29;13.6;0.642872;3.301128;0
48;7;11;80;3.7;0.78736;2.17264;0
49;0;11;77;2;0.20944;1.33056;0
18;0;0;29;25.9;2.388498;5.122502;1
64;11;28;27;2.4;0.082296;0.565704;0
19;3;0;22;10.9;0.472406;1.925594;0
49;2;17;36;23.6;2.659248;5.836752;1
29;1;4;26;6.6;0.507936;1.208064;1
28;3;5;64;9.4;1.034752;4.981248;1
27;4;3;32;6.7;0.555296;1.588704;1
24;0;2;40;8.6;1.204;2.236;0
23;2;2;38;12.2;2.22528;2.41072;1
43;3;8;30;3.1;0.34224;0.58776;0
29;1;5;51;12.5;2.428875;3.946125;0
61;35;9;327;4.6;7.626294;7.415706;0
22;0;1;20;6.5;0.6019;0.6981;1
24;2;3;34;2.4;0.274992;0.541008;0
30;8;3;65;8.8;1.9162;3.8038;0
37;3;4;57;10.8;0.720252;5.435748;1
27;4;1;36;14.7;1.460592;3.831408;1
22;0;1;29;3.7;0.079402;0.993598;0
28;1;3;77;0.2;0.057596;0.096404;0
31;11;4;41;2;0.33784;0.48216;0
44;14;12;68;14.9;1.783232;8.348768;0
69;24;22;84;20.2;5.633376;11.334624;0
26;5;2;42;10.6;2.128056;2.323944;1
51;9;15;96;16.8;0.580608;15.547392;1
20;0;0;77;9.6;3.851232;3.540768;1
24;2;0;43;7.3;1.243044;1.895956;0
53;17;9;59;0.5;0.032155;0.262845;0
29;0;4;28;4.7;0.139496;1.176504;1
52;28;16;368;21.3;24.063888;54.320112;1
28;4;4;20;21.1;0.5697;3.6503;0
35;17;5;160;13.5;9.072;12.528;1
20;0;0;27;10.3;0.386559;2.394441;1
27;0;3;36;4.1;0.729144;0.746856;0
34;2;4;46;22.5;1.21095;9.13905;0
46;13;14;84;9.9;1.713096;6.602904;0
36;4;8;101;6.7;2.091003;4.675997;1
51;4;6;43;3.3;0.195822;1.223178;0
39;20;10;52;19.7;2.325388;7.918612;0
33;4;6;24;27.7;3.204336;3.443664;1
65;38;25;231;9.3;2.019402;19.463598;0
35;10;8;263;4.9;9.265753;3.621247;1
41;22;7;226;17.4;7.117644;32.206356;1
23;0;1;33;1.7;0.244035;0.316965;0
23;5;1;23;24.3;3.504303;2.084697;1
34;0;5;120;6.4;5.55264;2.12736;1
18;0;0;30;19.8;2.29878;3.64122;1
29;3;2;26;7.8;0.458328;1.569672;0
38;13;12;204;19.5;15.43464;24.34536;1
32;8;5;44;13.7;1.350272;4.677728;0
34;12;7;58;19.9;2.493072;9.048928;0
37;14;4;67;13.4;2.118808;6.859192;0
37;4;6;53;15.5;1.26511;6.94989;0
37;4;6;30;4.6;0.71208;0.66792;0
45;16;13;53;5.7;0.933489;2.087511;0
48;4;12;57;12.1;2.462229;4.434771;0
36;12;5;55;5.8;1.19625;1.99375;0
26;1;3;42;1.5;0.08379;0.54621;1
60;31;22;170;8;8.772;4.828;0
37;2;9;31;9.6;1.538592;1.437408;0
27;1;2;21;14.4;0.517104;2.506896;0
26;6;2;46;9.8;0.3381;4.1699;0
32;7;5;34;10.7;0.516596;3.121404;0
23;0;1;16;7.8;0.351936;0.896064;0
58;18;13;54;4.2;0.821016;1.446984;0
34;0;7;26;1.9;0.175864;0.318136;0
30;0;4;17;4.9;0.411502;0.421498;1
25;2;3;52;7.7;1.073072;2.930928;0
24;3;2;24;10.7;1.982496;0.585504;0
34;1;7;40;17.6;1.67552;5.36448;1
64;7;26;24;6.5;0.29172;1.26828;0
29;2;5;34;19;1.02714;5.43286;1
21;1;1;29;0.9;0.023229;0.237771;0
50;9;11;24;15.7;0.58404;3.18396;0
25;0;2;29;15.7;1.825753;2.727247;1
27;6;5;20;13.2;1.44408;1.19592;0
25;4;3;41;18.4;2.006704;5.537296;0
27;3;5;41;4.8;0.554976;1.413024;1
26;4;4;31;5.5;0.25234;1.45266;0
49;6;12;49;1.7;0.504798;0.328202;0
41;0;8;39;29.1;2.15631;9.19269;1
30;4;2;55;5.5;1.452;1.573;0
37;16;8;43;5.6;0.642936;1.765064;0
34;9;3;62;8;0.3968;4.5632;0
50;23;11;104;4.8;0.933504;4.058496;0
28;4;2;58;12.6;2.477412;4.830588;1
19;0;0;20;3.1;0.25978;0.36022;1
25;0;1;31;3.9;0.368745;0.840255;1
18;0;0;15;12.2;0.366;1.464;0
24;0;2;32;5.6;0.249088;1.542912;1
30;5;6;26;14.8;0.973544;2.874456;1
36;1;4;55;19.6;6.3602;4.4198;1
32;0;5;38;3.7;0.181374;1.224626;1
41;2;7;94;7;1.16466;5.41534;0
47;28;11;189;3.2;4.179168;1.868832;0
57;26;22;78;5.8;1.239576;3.284424;0
26;4;3;34;19;0.67184;5.78816;1
34;6;5;65;14.4;4.97952;4.38048;1
33;0;7;64;10.6;2.686464;4.097536;0
53;9;11;97;22.3;9.214806;12.416194;1
61;20;17;91;4.3;1.259986;2.653014;0
18;0;0;14;4.3;0.149898;0.452102;0
21;0;1;18;12.1;0.58806;1.58994;0
28;7;2;52;22.1;6.78028;4.71172;1
34;4;8;49;3.1;0.036456;1.482544;0
20;2;0;16;4.7;0.253424;0.498576;0
34;11;6;54;10.6;3.11958;2.60442;0
22;0;1;14;2.5;0.2583;0.0917;0
34;8;7;30;24.3;0.21141;7.07859;0
18;0;0;18;13.1;0.921978;1.436022;1
41;21;9;64;0.3;0.120576;0.071424;0
46;4;7;67;3.4;0.760852;1.517148;0
21;0;1;20;2.2;0.10076;0.33924;0
51;19;16;47;22.7;3.275383;7.393617;0
27;0;3;25;22.9;1.08775;4.63725;1
35;15;3;30;21.3;1.28439;5.10561;0
22;0;2;26;6;0.0156;1.5444;0
65;38;13;143;11.1;1.174602;14.698398;0
43;5;11;27;21.2;2.827656;2.896344;1
23;0;2;23;18;0.50922;3.63078;1
66;43;22;152;9;5.0616;8.6184;0
25;3;2;48;8.2;2.865408;1.070592;1
35;0;11;84;3.4;1.182384;1.673616;0
19;0;0;20;12.8;1.14176;1.41824;0
25;1;1;20;6.9;0.42504;0.95496;1
23;0;1;62;3;0.558;1.302;1
23;2;1;40;21.2;2.65424;5.82576;1
49;12;11;85;4.5;2.291175;1.533825;0
45;6;10;59;10.6;3.802432;2.451568;0
45;10;13;45;2.9;0.18531;1.11969;0
32;6;7;31;5.2;0.37882;1.23318;0
28;0;4;60;0.5;0.0825;0.2175;0
44;22;9;131;7;0.8253;8.3447;0
49;20;9;140;9.9;4.42134;9.43866;0
19;0;0;19;4.4;0.0627;0.7733;0
34;0;6;24;9.4;0.076704;2.179296;1
51;2;15;34;7.2;1.767456;0.680544;0
28;4;4;25;34.8;1.044;7.656;1
51;20;18;512;6.5;6.8224;26.4576;0
24;0;1;63;26.9;7.185528;9.761472;1
41;9;14;87;4.4;0.777084;3.050916;0
23;0;1;35;15;0.399;4.851;1
33;3;7;19;17.2;0.369284;2.898716;1
42;18;5;176;5.6;3.912832;5.943168;0
20;0;0;16;3.5;0.23016;0.32984;1
27;3;4;26;2.6;0.093964;0.582036;0
34;9;3;29;11.6;1.063024;2.300976;1
20;0;0;34;12.9;0.89913;3.48687;1
66;9;23;54;15.8;1.339524;7.192476;0
19;0;0;20;12.7;1.21666;1.32334;0
33;2;7;79;23.7;10.466157;8.256843;1
22;1;1;17;25.4;2.379218;1.938782;1
40;5;7;43;23.9;3.689443;6.587557;1
55;25;12;73;19.1;5.800288;8.142712;0
25;1;1;15;8.9;0.559365;0.775635;1
23;0;1;30;6.9;0.55476;1.51524;0
37;13;5;225;1.1;1.418175;1.056825;0
18;0;0;21;6.6;0.07623;1.30977;1
23;4;1;22;3.8;0.077748;0.758252;0
27;2;2;55;11.7;0.54054;5.89446;1
42;6;8;20;15.3;1.43208;1.62792;1
31;9;6;23;7.8;0.446706;1.347294;0
33;9;5;34;12.7;3.160776;1.157224;1
58;26;21;132;2.4;0.975744;2.192256;0
58;24;24;138;3.9;2.857842;2.524158;0
48;12;12;51;4.3;0.2193;1.9737;0
26;2;4;55;11;4.6948;1.3552;1
28;2;5;18;11.9;0.317016;1.824984;1
22;4;1;21;9;0.86562;1.02438;0
18;0;0;18;8;0.40464;1.03536;0
57;4;12;61;2.3;0.109434;1.293566;0
19;1;0;24;12.3;1.109952;1.842048;1
31;4;5;36;22.4;0.153216;7.910784;0
18;1;0;18;8;0.74016;0.69984;1
23;0;1;18;4;0.05328;0.66672;0
19;0;0;14;8.2;0.377692;0.770308;1
29;0;4;70;16.5;8.21205;3.33795;1
29;8;5;39;11.6;3.25728;1.26672;1
25;2;3;24;3;0.15408;0.56592;0
18;0;0;24;0.9;0.126144;0.089856;1
40;4;6;87;1.2;0.860256;0.183744;0
31;11;8;36;4.7;0.125208;1.566792;0
52;2;12;84;3.1;0.203112;2.400888;0
37;18;3;39;26.9;5.45532;5.03568;1
40;18;13;84;6.2;0.942648;4.265352;0
18;0;0;17;11.9;0.165886;1.857114;1
45;24;14;69;3.2;1.333632;0.874368;0
34;11;6;52;12.9;4.165668;2.542332;0
19;0;0;21;12.6;1.225098;1.420902;1
25;3;1;27;16.9;1.085994;3.477006;0
53;30;12;220;12.9;2.80962;25.57038;0
30;4;4;39;11.6;1.393392;3.130608;0
49;23;11;178;19.4;5.594184;28.937816;0
21;2;1;23;3.5;0.25438;0.55062;0
40;0;12;21;36.6;4.350276;3.335724;1
18;0;0;23;11.5;0.66125;1.98375;1
18;0;0;15;8;0.2244;0.9756;0
34;10;6;50;5.3;0.583;2.067;0
33;5;8;27;20.6;1.090152;4.471848;0
45;23;10;55;13.3;1.455685;5.859315;0
40;15;13;111;9.6;1.875456;8.780544;0
49;4;11;36;9.9;1.357884;2.206116;0
27;0;4;31;3.7;0.284456;0.862544;0
52;26;12;77;28.6;5.263258;16.758742;0
23;1;2;30;18.2;1.37046;4.08954;1
39;16;10;46;11.3;1.450242;3.747758;0
20;0;1;28;9.8;0.65856;2.08544;0
26;0;3;23;10.9;1.707267;0.799733;1
62;23;22;124;23;19.05136;9.46864;1
39;1;9;27;1.4;0.097902;0.280098;0
26;5;2;47;21.7;6.139798;4.059202;1
35;15;8;66;3.3;1.054152;1.123848;0
46;11;9;136;4.9;3.272024;3.391976;1
47;17;17;61;7.5;3.124725;1.450275;0
56;3;16;38;18.7;3.716438;3.389562;1
21;0;1;33;9.1;1.048047;1.954953;1
29;0;5;33;5.8;0.578028;1.335972;0
28;3;5;53;5.7;1.57092;1.45008;1
28;3;3;61;16.1;3.162362;6.658638;1
30;4;6;30;10.8;1.03032;2.20968;0
20;1;0;22;10.1;0.142208;2.079792;1
24;0;2;29;9.6;1.038432;1.745568;1
29;5;4;73;25.1;2.180437;16.142563;1
19;0;0;15;9.5;0.397575;1.027425;1
63;29;19;208;16.6;21.890752;12.637248;1
39;17;9;90;6.8;3.44556;2.67444;0
22;0;1;30;3.4;0.153;0.867;0
30;2;4;34;11.6;1.392232;2.551768;0
24;4;2;24;18;1.6416;2.6784;1
25;1;2;66;4.2;0.5544;2.2176;1
22;2;1;39;4.7;0.500409;1.332591;0
35;0;9;36;13.3;0.986328;3.801672;0
51;14;16;161;1.4;0.565754;1.688246;0
65;0;25;57;6.2;1.67865;1.85535;0
38;14;7;192;28.9;5.27136;50.21664;1
28;8;4;24;24.6;4.07376;1.83024;1
30;2;5;27;10.6;0.735534;2.126466;0
22;0;2;46;8.6;1.764376;2.191624;1
19;0;0;28;7.5;1.5141;0.5859;1
48;24;18;66;4.4;0.31944;2.58456;0
18;0;0;16;8.3;0.173968;1.154032;1
29;1;5;39;10.3;2.984631;1.032369;1
37;0;9;37;16.2;0.92907;5.06493;0
23;0;1;73;0.7;0.251923;0.259077;0
27;4;5;41;6.1;1.653161;0.847839;1
38;10;11;63;12.2;2.759274;4.926726;0
39;10;7;45;25;1.76625;9.48375;0
28;4;3;48;24.3;3.335904;8.328096;1
54;2;19;35;6.4;0.93184;1.30816;0
39;12;10;98;1.6;0.1568;1.4112;0
19;0;0;26;17.2;2.647424;1.824576;1
71;2;13;23;10.1;1.435614;0.887386;0
24;4;2;21;3.8;0.359898;0.438102;0
28;3;4;20;9;0.3672;1.4328;0
21;4;1;15;7.3;0.053655;1.041345;0
36;8;2;42;3.1;0.753858;0.548142;0
36;1;8;31;21;0.33201;6.17799;0
23;0;2;20;8.4;0.2436;1.4364;1
28;3;3;25;18.8;1.1562;3.5438;1
26;0;3;31;3.1;0.103788;0.857212;1
36;3;7;45;3.3;0.46629;1.01871;0
32;2;2;55;10.6;1.43418;4.39582;1
24;0;1;56;9.3;1.546776;3.661224;1
19;0;0;55;7.9;0.612645;3.732355;0
28;2;3;22;6.2;0.758384;0.605616;1
40;1;11;32;18.6;3.404544;2.547456;1
33;6;4;121;15.1;3.307051;14.963949;1
34;0;4;23;6.8;0.686596;0.877404;1
19;0;0;30;4;0.5208;0.6792;0
44;17;14;107;13;3.82525;10.08475;0
29;1;6;36;9.3;1.419552;1.928448;1
65;10;18;32;9.9;1.365408;1.802592;0
45;18;11;59;8.9;2.741022;2.509978;0
33;4;8;79;12.6;8.550486;1.403514;1
32;3;5;34;12.4;2.183888;2.032112;0
32;5;6;67;8.4;3.382428;2.245572;0
23;0;1;34;9.2;1.254328;1.873672;1
25;0;2;60;8.4;1.25496;3.78504;0
22;0;1;23;6.2;0.346518;1.079482;1
27;6;2;20;14.3;0.37752;2.48248;0
43;0;10;94;19.9;6.322628;12.383372;1
53;26;20;249;5.8;7.58205;6.85995;0
24;2;3;22;5.6;0.082544;1.149456;0
43;13;13;62;24.2;8.072152;6.931848;1
25;4;1;33;13.2;1.629144;2.726856;1
26;0;3;24;32;4.416;3.264;1
18;0;0;34;16.3;1.873196;3.668804;1
46;14;10;57;4.7;0.251826;2.427174;0
46;22;10;160;15.5;9.92;14.88;1
52;22;17;87;11.3;0.707832;9.123168;0
35;3;7;54;11;1.16424;4.77576;0
23;1;2;63;16.8;3.143448;7.440552;1
33;7;5;33;6.9;0.678546;1.598454;1
18;0;0;28;8.1;0.843696;1.424304;1
31;11;8;37;5.7;0.824619;1.284381;0
30;4;3;62;14.8;1.532392;7.643608;1
23;2;2;32;3;0.2784;0.6816;0
42;1;5;50;9.6;2.6016;2.1984;0
21;0;1;21;6.3;0.829521;0.493479;1
35;15;8;55;10.2;3.366;2.244;0
26;5;1;47;6.2;1.827078;1.086922;0
75;50;18;460;19.6;26.68736;63.47264;1
22;0;2;32;3.7;0.310208;0.873792;1
19;0;0;21;5.6;0.137592;1.038408;0
28;3;2;22;11.5;0.86526;1.66474;0
22;0;1;45;13.6;1.87272;4.24728;0
30;4;4;45;10;2.1285;2.3715;0
24;0;1;53;16.1;5.094201;3.438799;1
20;0;0;33;9.4;0.549054;2.552946;1
38;18;7;53;5.2;1.201616;1.554384;0
20;0;0;22;5.1;0.357918;0.764082;1
28;0;4;57;12.4;4.52352;2.54448;1
23;0;2;25;4.2;0.15855;0.89145;0
21;0;1;22;8.5;0.08228;1.78772;0
23;0;1;28;3.1;0.33852;0.52948;0
19;0;0;22;8.2;0.499708;1.304292;0
26;3;4;33;2.7;0.527472;0.363528;0
19;0;0;23;18.4;0.981824;3.250176;1
24;5;2;37;5.7;0.478743;1.630257;0
19;0;0;33;7.5;0.36135;2.11365;0
34;9;9;34;32.1;2.390166;8.523834;1
26;1;1;31;12.3;1.147713;2.665287;1
63;17;26;103;12.3;3.471306;9.197694;0
31;7;4;30;1.9;0.1653;0.4047;0
22;0;1;28;8.1;0.605556;1.662444;1
34;6;4;41;7.5;1.091625;1.983375;1
45;24;10;86;9.7;1.743478;6.598522;0
22;0;1;31;10.1;0.695082;2.435918;1
21;0;1;44;6.3;1.291752;1.480248;0
65;21;23;42;1.6;0.289632;0.382368;0
24;0;2;17;9.2;0.311236;1.252764;0
25;1;2;35;1.4;0.05929;0.43071;1
32;3;6;56;13.2;1.530144;5.861856;1
21;0;0;36;14.1;1.59894;3.47706;1
23;0;2;34;17;2.16172;3.61828;1
40;17;6;120;10.2;4.32072;7.91928;0
44;2;17;50;2.8;0.5166;0.8834;0
39;4;6;75;5.6;2.6208;1.5792;0
26;3;4;18;12.9;0.401706;1.920294;1
25;1;3;20;2.5;0.174;0.326;0
28;8;4;40;9.8;1.36024;2.55976;1
43;13;12;127;3;0.4191;3.3909;0
28;6;2;112;3.4;0.3808;3.4272;0
40;16;7;33;23.3;2.022207;5.666793;1
31;0;6;26;3.2;0.338624;0.493376;0
29;0;5;37;6.7;0.704036;1.774964;0
54;13;18;105;13.6;1.62792;12.65208;0
42;9;9;49;7.3;1.151794;2.425206;1
39;14;7;94;30.2;10.50356;17.88444;1
36;10;7;101;13.1;7.237357;5.993643;1
55;21;14;91;6.6;2.01201;3.99399;0
21;0;1;15;4.1;0.246;0.369;0
49;3;7;28;6.9;0.846216;1.085784;0
50;27;12;181;2.3;1.79009;2.37291;0
22;0;1;55;27.4;6.22391;8.84609;1
33;3;6;33;5.1;0.895356;0.787644;0
39;9;12;78;4.1;0.345384;2.852616;0
26;3;3;66;4;0.18744;2.45256;0
23;5;1;48;18;1.05408;7.58592;1
19;0;0;31;10.6;0.992372;2.293628;1
32;7;3;33;24.6;4.14018;3.97782;1
19;0;0;19;5.4;0.372438;0.653562;1
33;9;4;22;14.6;0.729124;2.482876;0
55;11;16;88;12.9;5.1084;6.2436;0
21;1;1;30;3.1;0.30969;0.62031;0
47;10;10;39;6.7;0.222105;2.390895;0
24;2;0;32;11;0.83072;2.68928;0
25;5;2;36;2.7;0.528768;0.443232;0
34;9;7;58;28.4;4.974544;11.497456;1
67;7;25;58;11.4;1.58688;5.02512;0
51;22;11;65;18.1;4.906005;6.858995;0
45;26;12;100;7.5;1.695;5.805;0
24;0;2;67;8.9;2.379237;3.583763;1
46;23;14;99;3.2;1.808928;1.359072;0
53;3;15;50;15.7;4.24685;3.60315;0
28;1;4;175;19.4;7.02765;26.92235;1
21;0;0;20;4;0.4832;0.3168;0
28;2;3;47;12.1;0.432212;5.254788;1
51;10;17;144;4.9;0.91728;6.13872;0
27;1;4;38;8.2;0.620084;2.495916;0
18;1;0;15;8.4;0.7434;0.5166;1
62;32;19;86;6.3;3.971394;1.446606;0
30;3;1;35;16.1;0.81144;4.82356;1
19;0;0;21;8.1;0.690606;1.010394;0
76;12;27;53;6.2;1.278254;2.007746;0
22;0;1;19;7.4;0.778924;0.627076;1
26;10;4;43;5.2;0.889928;1.346072;0
18;0;0;30;8.9;0.23496;2.43504;1
30;3;2;23;6.5;0.27807;1.21693;1
36;5;9;50;0.8;0.1192;0.2808;0
30;5;6;36;4.7;0.771552;0.920448;0
42;17;7;66;8.7;1.728342;4.013658;0
18;0;0;30;3.8;0.57228;0.56772;0
28;3;3;47;17.7;2.786865;5.532135;1
48;22;16;196;10.5;7.4088;13.1712;1
42;1;10;32;7.2;0.688896;1.615104;1
33;7;6;63;16.7;2.809107;7.711893;0
26;1;3;35;7;1.21275;1.23725;0
24;0;2;25;5.7;0.6384;0.7866;1
39;4;6;84;3.4;0.405552;2.450448;0
19;1;0;20;25.9;1.93732;3.24268;1
18;0;0;27;6.1;0.915732;0.731268;0
23;0;1;47;12.3;2.104284;3.676716;1
23;5;1;26;5.3;0.1378;1.2402;1
30;1;4;26;8;1.18352;0.89648;0
59;3;14;44;16.6;5.470696;1.833304;1
37;0;8;36;16.1;1.988028;3.807972;1
35;16;6;93;4.7;2.863005;1.507995;0
23;2;0;17;21.3;0.300543;3.320457;1
52;2;18;48;5.4;1.397088;1.194912;0
19;0;0;26;14.3;0.516802;3.201198;1
70;33;17;150;13.3;5.16705;14.78295;0
30;5;6;109;7.8;1.394328;7.107672;0
40;17;5;72;7.3;0.94608;4.30992;0
23;2;2;39;16.6;1.644396;4.829604;0
26;5;3;24;7.9;0.333696;1.562304;0
33;12;9;48;3.7;0.9324;0.8436;0
55;4;19;59;22;6.82748;6.15252;1
46;5;9;40;4.5;0.9774;0.8226;0
32;12;9;27;1.8;0.164754;0.321246;0
18;0;0;35;12.3;0.86961;3.43539;0
18;0;0;27;9.4;0.433998;2.104002;1
23;0;2;33;2.9;0.232551;0.724449;0
41;21;9;56;4.8;1.147776;1.540224;0
22;0;1;21;11.8;0.671538;1.806462;0
33;15;6;71;14.6;2.788454;7.577546;0
24;0;1;128;8.9;3.554304;7.837696;1
23;1;2;28;0.6;0.058632;0.109368;0
37;3;8;41;14.4;2.030976;3.873024;0
43;4;9;26;12.9;1.529424;1.824576;0
31;2;5;45;13.1;1.644705;4.250295;1
20;0;1;28;8.6;0.197456;2.210544;0
24;5;1;26;13.1;1.08992;2.31608;0
28;4;3;23;4.9;0.547722;0.579278;1
53;1;16;46;11.3;2.656178;2.541822;1
26;1;2;63;11.9;0.944622;6.552378;1
21;1;1;24;4.2;0.056448;0.951552;0
22;1;1;29;15.8;2.937062;1.644938;1
44;4;14;65;5.8;1.53439;2.23561;0
29;6;5;27;6.3;0.127575;1.573425;0
28;3;3;31;12.9;2.355411;1.643589;1
41;4;11;56;7.3;2.559088;1.528912;0
64;36;15;145;6.6;3.27294;6.29706;0
44;4;5;15;16.6;0.07968;2.41032;0
21;1;1;23;9.5;0.137655;2.047345;0
50;21;10;88;1.4;0.213136;1.018864;0
18;0;0;20;19;1.33;2.47;1
29;0;4;40;12.5;2.025;2.975;1
38;1;9;28;0.8;0.12768;0.09632;1
30;1;5;65;13.4;4.54662;4.16338;1
27;8;4;29;6.5;0.84825;1.03675;0
28;8;4;45;6;0.7155;1.9845;0
27;9;3;31;6.3;0.267561;1.685439;0
67;40;24;88;6.3;1.419264;4.124736;0
36;12;9;35;8.1;1.051785;1.783215;0
30;3;4;38;11.9;0.795872;3.726128;0
29;7;6;57;4.3;1.044126;1.406874;0
18;0;0;20;16.7;0.46426;2.87574;1
46;20;14;48;2.7;0.935712;0.360288;0
38;6;10;24;16.8;0.556416;3.475584;1
23;0;2;32;7.9;1.223552;1.304448;0
41;6;5;190;1.9;0.86279;2.74721;0
59;7;20;92;7.5;3.0567;3.8433;0
64;42;22;267;13.2;16.952364;18.291636;0
32;7;6;71;19.5;4.12581;9.71919;1
32;4;4;37;3.1;0.320013;0.826987;0
22;0;1;28;19.8;0.44352;5.10048;1
21;3;1;15;11.8;0.41595;1.35405;1
66;18;24;70;2.8;1.00156;0.95844;0
18;0;0;22;4.4;0.148104;0.819896;1
40;16;11;53;1.2;0.424848;0.211152;0
21;0;0;27;2.3;0.220455;0.400545;0
35;2;7;27;0.8;0.103464;0.112536;0
18;0;0;19;14.9;0.135888;2.695112;1
27;3;2;38;9.7;0.44232;3.24368;1
54;15;11;93;13.7;7.988607;4.752393;1
58;2;20;31;3.3;0.498201;0.524799;0
43;3;12;38;6;0.6156;1.6644;0
42;6;14;49;14.7;2.845185;4.357815;0
26;0;3;26;3.3;0.408408;0.449592;0
31;8;6;47;24.6;5.977554;5.584446;1
18;0;0;22;10.2;0.520608;1.723392;1
33;4;4;136;10.1;5.56308;8.17292;1
46;0;7;34;3.9;0.082212;1.243788;0
35;6;9;81;6.8;2.842128;2.665872;0
68;38;25;154;6.2;3.017168;6.530832;0
24;0;2;45;6.7;0.823095;2.191905;0
46;1;10;58;7.6;0.326192;4.081808;0
38;12;9;86;2.4;0.871008;1.192992;0
43;13;10;62;21.9;7.902396;5.675604;1
20;0;0;27;1;0.10827;0.16173;1
23;0;1;24;26.9;0.400272;6.055728;1
45;8;12;41;14.8;0.260924;5.807076;0
37;7;2;29;4.3;0.168345;1.078655;0
51;29;14;285;16.6;14.80803;32.50197;0
18;0;0;31;9.1;0.490854;2.330146;1
33;2;6;66;3.1;0.832722;1.213278;0
37;8;7;62;23.9;5.808656;9.009344;1
59;22;22;84;16;1.85472;11.58528;0
57;36;18;172;9.2;3.449632;12.374368;0
19;0;0;39;4.4;0.727584;0.988416;0
44;15;17;59;18.3;5.851974;4.945026;1
32;0;4;35;18.1;1.1403;5.1947;1
38;6;11;37;19.1;2.374512;4.692488;1
19;0;0;17;12.4;0.33728;1.77072;1
21;0;1;35;22.7;2.12926;5.81574;1
28;7;3;43;23.4;0.271674;9.790326;1
19;0;0;30;24.3;0.53217;6.75783;1
48;0;12;28;2.6;0.115752;0.612248;0
46;15;13;95;15.4;6.68591;7.94409;0
30;6;5;32;1.5;0.19296;0.28704;0
52;30;13;125;15.7;8.321;11.304;0
33;3;3;36;18;2.18376;4.29624;0
36;10;7;51;13.2;3.453516;3.278484;0
71;13;10;59;24.4;2.66326;11.73274;0
40;12;10;87;5.8;0.544968;4.501032;0
32;5;5;87;10.4;0.461448;8.586552;0
32;12;7;75;7.1;1.549575;3.775425;0
25;1;3;16;4.5;0.38664;0.33336;0
36;8;6;100;19.9;11.5619;8.3381;1
22;0;1;18;3.5;0.32697;0.30303;0
35;9;9;43;14.9;2.517951;3.889049;0
26;4;1;23;8.2;0.350796;1.535204;0
51;23;10;47;2.2;0.342254;0.691746;0
20;0;1;31;18.3;1.951512;3.721488;1
39;7;10;56;10.9;4.071368;2.032632;1
33;6;8;41;2.1;0.024108;0.836892;0
25;6;0;18;16.3;1.86309;1.07091;1
43;8;9;49;6;0.8673;2.0727;0
33;0;5;46;15.7;0.751088;6.470912;0
36;8;8;58;17.2;1.276928;8.699072;0
33;5;7;35;5.2;0.57876;1.24124;0
25;5;2;18;12.6;0.1134;2.1546;1
40;5;9;34;23.3;1.528946;6.393054;0
41;14;9;76;18;9.17928;4.50072;1
28;4;4;20;13.6;0.53312;2.18688;0
19;0;0;20;1.2;0.02688;0.21312;0
25;7;3;27;7.6;0.229824;1.822176;0
46;6;5;37;31.6;2.3384;9.3536;1
43;13;7;71;4.2;1.413468;1.568532;0
57;25;22;61;1.6;0.179584;0.796416;0
70;6;22;22;19.9;0.499092;3.878908;0
32;7;2;40;6.2;0.51088;1.96912;0
18;0;0;22;3.4;0.37026;0.37774;1
23;1;1;42;1.3;0.165438;0.380562;0
36;4;9;57;4.2;0.69426;1.69974;1
20;0;0;27;5.1;0.528768;0.848232;0
29;2;3;25;12;1.134;1.866;1
22;0;1;30;11.5;1.68705;1.76295;1
41;6;7;87;3.7;1.020423;2.198577;0
26;4;3;22;6.7;0.033902;1.440098;0
40;3;11;21;5.3;0.094605;1.018395;0
46;12;12;111;5.8;1.09446;5.34354;0
42;19;2;24;15.1;2.004072;1.619928;0
20;0;0;21;15.1;1.258887;1.912113;1
22;0;1;51;8.7;1.069317;3.367683;1
20;0;0;13;1.1;0.051051;0.091949;0
24;1;2;36;13;0.99684;3.68316;1
72;48;30;233;28.8;18.252288;48.851712;0
51;9;19;82;14.6;1.4965;10.4755;0
57;31;23;1079;1.4;1.96378;13.14222;0
33;3;9;26;12.8;0.918528;2.409472;0
48;2;6;52;13.1;1.519076;5.292924;0
40;2;6;30;3;0.0486;0.8514;0
26;2;2;23;2.5;0.031625;0.543375;0
30;0;6;25;5.7;0.480225;0.944775;0
39;0;4;36;7.5;0.8748;1.8252;1
44;6;12;39;8.9;1.822275;1.648725;1
40;15;12;129;11.9;4.820214;10.530786;0
60;2;18;29;3.3;0.536877;0.420123;0
47;8;13;49;18.4;1.5778;7.4382;0
41;15;12;127;18.2;18.121376;4.992624;0
22;4;0;27;4.1;0.334314;0.772686;0
42;8;10;65;14.6;2.69516;6.79484;0
42;20;16;117;23.3;12.730887;14.530113;1
19;0;0;28;2.8;0.242256;0.541744;1
59;11;21;55;10;1.4025;4.0975;0
23;2;2;25;10.6;0.5035;2.1465;1
64;24;18;83;8.4;0.167328;6.804672;0
25;0;3;42;14.3;0.762762;5.243238;1
31;10;5;41;17.9;0.359611;6.979389;0
32;1;6;129;19.9;11.911344;13.759656;1
19;0;0;35;9.3;0.93744;2.31756;0
42;12;5;15;14.4;0.66312;1.49688;0
19;0;0;20;11.7;1.16532;1.17468;1
38;18;5;55;16.1;2.33772;6.51728;0
28;7;5;32;9.2;0.945024;1.998976;0
24;1;2;19;16.3;0.188917;2.908083;1
38;9;9;66;5.5;0.57354;3.05646;1
54;22;16;49;5.2;0.759304;1.788696;0
20;0;0;29;11.7;1.252017;2.140983;1
51;10;18;57;19.5;3.57903;7.53597;0
30;0;5;26;3.6;0.478296;0.457704;1
26;2;2;36;9.4;0.774936;2.609064;0
25;0;1;19;8;0.84968;0.67032;0
29;5;4;26;5.3;0.628368;0.749632;1
50;27;12;85;11.8;3.44029;6.58971;0
50;22;13;71;4.9;1.311583;2.167417;0
39;7;5;39;12.2;0.7137;4.0443;0
29;3;4;74;3.6;0.580752;2.083248;0
32;0;5;22;14.8;0.205128;3.050872;0
26;1;3;24;13.4;1.476144;1.739856;0
29;10;6;50;9.8;2.9106;1.9894;0
25;3;2;43;15.6;3.682692;3.025308;1
33;3;7;29;5.4;0.374274;1.191726;0
20;0;0;25;5;0.13375;1.11625;1
24;0;1;23;7.4;0.241684;1.460316;0
21;2;1;25;9.8;0.4214;2.0286;1
42;16;8;71;3.3;0.756789;1.586211;0
20;1;0;37;7.1;0.97199;1.65501;0
40;2;14;31;2.4;0.221712;0.522288;1
36;10;3;77;11.3;1.496572;7.204428;1
18;0;0;18;2.3;0.085284;0.328716;0
69;4;32;25;7.1;0.47925;1.29575;0
27;2;1;31;3.9;0.562185;0.646815;0
53;31;18;120;9;1.6956;9.1044;0
23;0;2;19;1.4;0.18088;0.08512;0
32;0;7;22;22.5;0.57915;4.37085;1
26;1;4;38;13.3;0.313348;4.740652;0
29;7;3;21;5.9;0.795438;0.443562;0
28;4;4;25;6.5;0.21125;1.41375;0
61;29;24;142;7.7;3.083388;7.850612;0
53;4;20;35;1.5;0.076125;0.448875;0
36;9;6;108;6.5;3.62232;3.39768;0
68;11;15;84;6.1;1.35786;3.76614;0
38;17;7;41;16.9;3.991104;2.937896;0
48;15;11;133;4.1;1.952174;3.500826;0
77;30;33;80;3.9;0.79872;2.32128;0
35;18;4;63;1.6;0.42336;0.58464;0
25;0;3;68;4.5;1.12914;1.93086;1
29;11;2;39;3.2;0.571584;0.676416;0
20;0;0;24;1.1;0.075504;0.188496;1
21;0;1;17;7.8;0.213486;1.112514;0
18;0;0;19;7;0.28329;1.04671;1
23;6;3;29;12.9;0.594819;3.146181;0
25;5;3;29;2.7;0.158166;0.624834;0
42;14;6;55;9.1;1.49149;3.51351;0
35;0;8;144;3.2;1.516032;3.091968;1
35;2;9;41;10.5;0.49077;3.81423;1
38;11;10;33;10.5;1.58697;1.87803;0
56;30;10;144;8.1;6.403536;5.260464;0
48;13;10;153;2.3;1.770057;1.748943;0
28;6;5;30;20.5;1.2915;4.8585;0
25;1;1;75;11.1;2.64735;5.67765;1
43;6;10;54;2.3;0.722844;0.519156;0
20;0;1;22;10;0.8778;1.3222;0
34;2;5;55;12.7;4.77774;2.20726;1
25;3;3;36;10.2;0.521424;3.150576;1
34;13;6;50;16.6;6.7562;1.5438;0
23;1;1;29;16.7;2.513517;2.329483;1
27;1;3;47;4.3;0.897324;1.123676;0
24;0;1;28;1.5;0.19908;0.22092;0
20;0;1;17;10.5;0.29988;1.48512;0
56;20;20;81;12.1;1.254528;8.546472;0
37;9;7;72;24.7;2.098512;15.685488;1
48;20;15;162;6.2;0.662904;9.381096;0
28;2;2;24;3.7;0.340104;0.547896;1
37;11;11;63;21.6;4.191264;9.416736;0
34;3;4;47;7;1.31929;1.97071;0
26;0;2;43;9.8;0.935508;3.278492;1
28;0;3;33;7.8;0.831402;1.742598;0
28;3;4;75;4.3;0.4773;2.7477;0
22;0;0;27;6;0.60912;1.01088;1
38;9;13;94;21.6;7.00488;13.29912;1
20;0;1;19;5.9;0.071744;1.049256;1
36;11;3;42;2.8;0.673848;0.502152;0
26;1;4;89;2.3;0.927291;1.119709;1
33;7;7;185;8.5;3.884075;11.840925;0
25;2;3;24;6.8;1.005312;0.626688;0
22;0;1;56;2.8;0.40768;1.16032;0
25;2;3;26;10.3;0.859638;1.818362;0
36;4;7;34;16.8;1.159536;4.552464;1
30;2;6;21;10.4;1.155336;1.028664;1
21;0;1;39;18.5;5.20923;2.00577;1
33;8;7;35;7.3;0.6132;1.9418;0
25;9;4;29;11.4;1.167018;2.138982;0
70;30;22;493;9.9;22.93929;25.86771;1
56;22;9;57;2;0.48906;0.65094;0
33;3;5;34;2.9;0.189312;0.796688;1
27;0;4;28;4.7;0.386904;0.929096;0
18;0;0;15;1.1;0.032835;0.132165;0
30;4;6;28;6.8;1.153824;0.750176;0
43;18;14;89;3.6;0.493416;2.710584;0
27;3;4;20;11;0.3058;1.8942;1
32;3;7;79;6.1;1.402329;3.416671;1
30;5;5;39;13.8;0.548964;4.833036;0
36;16;8;50;3.5;0.75425;0.99575;0
32;5;9;35;5.8;0.57855;1.45145;0
52;17;12;125;0.5;0.40125;0.22375;0
35;7;10;29;7.1;1.58543;0.47357;0
34;12;6;46;5.7;0.828552;1.793448;0
19;0;0;20;7;0.1946;1.2054;0
26;1;3;48;11.2;0.16128;5.21472;1
25;0;1;52;4.9;0.670124;1.877876;1
75;32;23;78;4.4;0.689832;2.742168;0
24;5;1;28;19.1;1.52418;3.82382;1
43;3;9;53;9.8;1.50626;3.68774;1
33;8;7;37;3.9;0.555555;0.887445;0
61;20;17;38;3.2;0.350208;0.865792;0
23;1;2;26;12.8;0.54912;2.77888;0
32;6;2;31;14.2;1.360218;3.041782;0
25;2;3;21;14.4;0.985824;2.038176;1
42;2;9;147;17.7;5.047686;20.971314;1
23;0;1;30;12.2;2.25456;1.40544;1
25;1;3;27;12.7;0.03429;3.39471;1
22;0;2;50;1.2;0.2088;0.3912;0
19;0;0;16;6.6;0.003168;1.052832;0
35;4;6;18;4.8;0.31536;0.54864;0
58;9;13;51;4.4;0.63954;1.60446;0
38;12;9;37;13.2;3.238092;1.645908;1
43;16;6;102;2.5;0.58395;1.96605;0
34;14;4;59;6.5;2.297165;1.537835;0
28;7;3;88;10.6;2.210736;7.117264;0
23;0;2;36;24.2;5.8806;2.8314;1
30;6;4;20;8.4;0.9072;0.7728;1
21;0;1;19;20.7;1.305756;2.627244;1
37;0;9;50;1.3;0.2067;0.4433;0
34;7;8;30;14.2;0.92868;3.33132;0
29;4;3;48;10.8;2.960064;2.223936;0
20;0;0;39;15;1.4157;4.4343;0
61;26;13;78;5;0.1989;3.7011;0
19;0;0;22;1.8;0.101772;0.294228;0
71;7;19;26;7.6;0.36556;1.61044;0
33;5;7;321;2.5;4.357575;3.667425;1
22;0;1;59;3.1;0.616373;1.212627;0
30;4;5;28;8.2;0.397208;1.898792;0
22;0;1;32;3.8;0.712576;0.503424;0
20;0;1;20;17.6;0.15488;3.36512;1
19;0;0;19;3.3;0.102828;0.524172;1
28;2;3;24;1;0.11448;0.12552;0
18;0;0;14;5.5;0.45738;0.31262;0
56;9;7;41;12.5;1.79375;3.33125;0
32;6;7;50;9.8;3.087;1.813;0
29;0;5;21;12.4;0.380184;2.223816;1
46;0;9;25;3;0.43125;0.31875;0
39;22;13;48;6.8;1.008576;2.255424;0
28;4;3;30;13.8;0.6831;3.4569;0
37;17;8;76;12.6;4.184712;5.391288;0
39;4;13;47;9.7;1.673153;2.885847;1
27;2;4;30;2.7;0.33777;0.47223;1
25;4;3;21;10;0.9996;1.1004;0
49;14;11;94;6.9;3.787824;2.698176;0
24;5;1;60;11.2;0.22848;6.49152;0
24;0;2;45;5.5;0.58905;1.88595;1
30;6;5;58;8.6;2.384264;2.603736;0
22;1;0;24;19.9;1.160568;3.615432;1
47;17;11;47;18.9;3.766392;5.116608;0
32;5;8;52;5.9;1.346852;1.721148;0
41;17;9;68;9.6;3.055104;3.472896;0
18;0;0;18;10;1.1214;0.6786;1
37;11;5;34;13.6;2.977856;1.646144;0
35;5;5;40;10.5;0.9072;3.2928;1
36;3;9;69;8.3;1.454658;4.272342;0
44;7;10;115;14.4;1.0764;15.4836;1
19;0;0;25;9.3;1.174125;1.150875;1
24;0;2;64;4.4;0.805376;2.010624;0
18;0;0;22;10.5;0.29799;2.01201;1
20;0;0;13;0;0;0;0
38;4;8;61;2.7;0.912438;0.734562;0
24;6;1;21;4.5;0.18144;0.76356;0
61;33;26;126;12.4;8.468208;7.155792;0
18;0;0;22;38.8;3.636336;4.899664;0
51;22;14;75;7.7;2.050125;3.724875;0
33;5;6;38;18.3;1.7385;5.2155;0
34;0;7;49;5;0.17885;2.27115;0
33;6;3;25;13.7;1.1782;2.2468;0
27;1;3;32;15.4;2.153536;2.774464;1
37;3;4;28;18.1;1.003464;4.064536;0
34;12;6;59;9.2;2.002932;3.425068;0
23;2;2;35;5.8;0.46284;1.56716;0
29;5;6;37;4.3;0.531394;1.059606;0
25;1;4;19;2.6;0.134862;0.359138;0
21;4;1;44;6.4;0.9856;1.8304;1
26;6;2;24;11.5;0.90528;1.85472;0
37;4;2;32;3.2;0.140288;0.883712;0
26;0;4;19;4.4;0.052668;0.783332;1
35;11;8;59;1.4;0.129682;0.696318;0
22;0;1;29;19.7;1.679622;4.033378;1
30;4;2;26;9.3;0.268398;2.149602;0
62;24;17;199;4.7;3.404492;5.948508;0
43;17;10;104;14.2;3.573856;11.194144;0
45;12;9;57;1;0.34143;0.22857;0
21;0;1;23;6.8;0.691288;0.872712;1
27;3;3;37;13.9;3.039513;2.103487;1
73;2;16;39;19.4;2.11848;5.44752;1
35;2;6;56;11.1;1.386168;4.829832;1
38;14;8;37;4.4;0.393976;1.234024;0
26;5;2;22;3.3;0.099462;0.626538;0
29;4;6;58;18.2;1.615068;8.940932;1
42;10;10;76;6.1;0.319884;4.316116;0
37;3;8;38;12.3;1.369482;3.304518;0
62;26;12;87;16.2;4.820148;9.273852;0
23;1;2;19;7.2;0.712728;0.655272;0
64;44;18;397;19.2;35.520384;40.703616;1
45;16;5;219;1;0.96141;1.22859;0
23;1;2;22;14.2;1.562;1.562;1
19;0;0;20;8.1;0.35802;1.26198;0
34;8;7;526;2.6;5.4704;8.2056;0
20;0;0;58;2.8;0.457968;1.166032;0
18;0;0;29;7.5;0.859125;1.315875;1
37;2;7;38;2.1;0.07182;0.72618;0
43;21;14;101;9.7;4.761342;5.035658;1
42;8;12;43;1.3;0.153725;0.405275;0
23;2;1;24;1.6;0.046464;0.337536;0
19;0;0;22;6.8;0.414392;1.081608;1
26;1;3;15;6.7;0.201;0.804;0
40;4;14;54;4.6;1.189836;1.294164;0
43;10;9;92;14.7;3.85434;9.66966;1
28;3;5;35;5.2;0.78442;1.03558;0
24;0;2;36;8.5;1.4688;1.5912;1
22;1;1;14;11.7;0.36855;1.26945;1
27;1;4;25;0.6;0.03195;0.11805;0
33;11;4;61;14.9;4.244563;4.844437;1
64;40;18;198;6.9;8.101566;5.560434;0
63;22;27;129;4.9;0.796446;5.524554;0
31;5;3;61;2;0.36844;0.85156;0
21;0;1;26;6.9;0.181194;1.612806;1
20;0;0;24;9.4;0.59784;1.65816;0
20;0;0;18;5.3;0.30051;0.65349;0
21;2;1;33;6.4;0.8448;1.2672;1
23;1;0;30;21.5;1.63185;4.81815;1
46;13;10;32;11;1.18624;2.33376;0
29;1;4;50;12.1;0.4719;5.5781;0
59;32;19;533;0.8;1.863368;2.400632;0
21;1;1;23;16.5;1.172655;2.622345;1
54;6;9;70;9.5;2.28095;4.36905;0
18;0;0;37;2.5;0.56795;0.35705;1
41;9;8;77;7.5;3.10695;2.66805;0
19;0;0;36;5.8;0.783;1.305;1
41;15;9;54;6.9;1.542564;2.183436;0
30;6;5;51;6.2;1.071918;2.090082;0
23;0;1;27;14.6;1.16289;2.77911;0
37;0;9;35;10.8;1.27008;2.50992;0
33;6;6;77;6.2;0.654038;4.119962;1
34;5;10;186;11.3;7.46139;13.55661;1
25;0;3;30;4.9;0.20433;1.26567;0
21;4;1;19;6.5;0.29393;0.94107;0
62;33;6;322;2.8;7.041496;1.974504;0
52;6;9;55;2.9;0.93148;0.66352;0
53;7;16;80;12;3.648;5.952;0
36;7;9;124;1.4;0.38192;1.35408;0
34;8;4;49;7.5;0.488775;3.186225;0
29;6;3;28;4.9;0.56938;0.80262;1
20;0;0;46;12.1;0.951786;4.614214;1
20;0;0;13;17.8;0.814528;1.499472;0
18;0;0;26;7.3;0.641524;1.256476;0
20;0;0;21;9.3;0.353493;1.599507;1
19;0;0;34;19.3;2.204832;4.357168;1
30;1;3;39;1;0.14352;0.24648;0
34;10;6;59;18.6;3.555576;7.418424;1
41;15;12;55;12.2;4.12665;2.58335;0
20;3;0;24;16.3;1.306608;2.605392;1
30;8;2;28;15.8;1.52628;2.89772;0
25;0;1;130;5.8;1.23656;6.30344;1
18;0;0;23;10;1.1201;1.1799;0
27;0;3;63;1;0.315;0.315;0
31;3;6;24;12.9;0.736848;2.359152;1
34;8;4;83;11;1.85339;7.27661;0
37;10;8;43;3.6;0.806508;0.741492;0
25;0;3;16;3.2;0.288256;0.223744;0
34;10;8;41;14.5;1.194945;4.750055;0
27;2;2;24;5.8;0.555408;0.836592;0
